PID,BaseAddress,RegionSize,Protection
664,0x00000000,0x7ffe0000,No Access
664,0x7FFE1000,0xa000,No Access
664,0x7FFEC000,0x80004000,No Access
768,0x00000000,0x7ffe0000,No Access
768,0x7FFE1000,0xa000,No Access
768,0x7FFEC000,0x80004000,No Access
876,0x00000000,0x7ffe0000,No Access
876,0x7FFE1000,0xa000,No Access
876,0x7FFEC000,0x80004000,No Access
900,0x00000000,0x7ffe0000,No Access
900,0x7FFE1000,0xa000,No Access
900,0x7FFEC000,0x80004000,No Access
904,0x00000000,0x7ffe0000,No Access
904,0x7FFE1000,0xa000,No Access
904,0x7FFEC000,0x80004000,No Access
1000,0x00000000,0x7ffe0000,No Access
1000,0x7FFE1000,0xa000,No Access
1000,0x7FFEC000,0x80004000,No Access
420,0x00000000,0x7ffe0000,No Access
420,0x7FFE1000,0xa000,No Access
420,0x7FFEC000,0x80004000,No Access
504,0x00000000,0x7ffe0000,No Access
504,0x7FFE1000,0xa000,No Access
504,0x7FFEC000,0x80004000,No Access
1084,0x00000000,0x7ffe0000,No Access
1084,0x7FFE1000,0xa000,No Access
1084,0x7FFEC000,0x80004000,No Access
1092,0x00000000,0x7ffe0000,No Access
1092,0x7FFE1000,0xa000,No Access
1092,0x7FFEC000,0x80004000,No Access
1100,0x00000000,0x7ffe0000,No Access
1100,0x7FFE1000,0xa000,No Access
1100,0x7FFEC000,0x80004000,No Access
1108,0x00000000,0x7ffe0000,No Access
1108,0x7FFE1000,0xa000,No Access
1108,0x7FFEC000,0x80004000,No Access
1184,0x00000000,0x7ffe0000,No Access
1184,0x7FFE1000,0xa000,No Access
1184,0x7FFEC000,0x80004000,No Access
1192,0x00000000,0x7ffe0000,No Access
1192,0x7FFE1000,0xa000,No Access
1192,0x7FFEC000,0x80004000,No Access
1328,0x00000000,0x7ffe0000,No Access
1328,0x7FFE1000,0xa000,No Access
1328,0x7FFEC000,0x80004000,No Access
1364,0x00000000,0x7ffe0000,No Access
1364,0x7FFE1000,0xa000,No Access
1364,0x7FFEC000,0x80004000,No Access
1380,0x00000000,0x7ffe0000,No Access
1380,0x7FFE1000,0xa000,No Access
1380,0x7FFEC000,0x80004000,No Access
1412,0x00000000,0x7ffe0000,No Access
1412,0x7FFE1000,0xa000,No Access
1412,0x7FFEC000,0x80004000,No Access
1460,0x00000000,0x7ffe0000,No Access
1460,0x7FFE1000,0xa000,No Access
1460,0x7FFEC000,0x80004000,No Access
1472,0x00000000,0x7ffe0000,No Access
1472,0x7FFE1000,0xa000,No Access
1472,0x7FFEC000,0x80004000,No Access
1736,0x00000000,0x7ffe0000,No Access
1736,0x7FFE1000,0xa000,No Access
1736,0x7FFEC000,0x80004000,No Access
1784,0x00000000,0x7ffe0000,No Access
1784,0x7FFE1000,0xa000,No Access
1784,0x7FFEC000,0x80004000,No Access
1796,0x00000000,0x7ffe0000,No Access
1796,0x7FFE1000,0xa000,No Access
1796,0x7FFEC000,0x80004000,No Access
1804,0x00000000,0x7ffe0000,No Access
1804,0x7FFE1000,0xa000,No Access
1804,0x7FFEC000,0x80004000,No Access
1812,0x00000000,0x7ffe0000,No Access
1812,0x7FFE1000,0xa000,No Access
1812,0x7FFEC000,0x80004000,No Access
1936,0x00000000,0x7ffe0000,No Access
1936,0x7FFE1000,0xa000,No Access
1936,0x7FFEC000,0x80004000,No Access
1960,0x00000000,0x7ffe0000,No Access
1960,0x7FFE1000,0xa000,No Access
1960,0x7FFEC000,0x80004000,No Access
1972,0x00000000,0x7ffe0000,No Access
1972,0x7FFE1000,0xa000,No Access
1972,0x7FFEC000,0x80004000,No Access
2044,0x00000000,0x7ffe0000,No Access
2044,0x7FFE1000,0xa000,No Access
2044,0x7FFEC000,0x80004000,No Access
2080,0x00000000,0x7ffe0000,No Access
2080,0x7FFE1000,0xa000,No Access
2080,0x7FFEC000,0x80004000,No Access
2112,0x00000000,0x7ffe0000,No Access
2112,0x7FFE1000,0xa000,No Access
2112,0x7FFEC000,0x80004000,No Access
2156,0x00000000,0x7ffe0000,No Access
2156,0x7FFE1000,0xa000,No Access
2156,0x7FFEC000,0x80004000,No Access
2220,0x00000000,0x7ffe0000,No Access
2220,0x7FFE1000,0xa000,No Access
2220,0x7FFEC000,0x80004000,No Access
2400,0x00000000,0x7ffe0000,No Access
2400,0x7FFE1000,0xa000,No Access
2400,0x7FFEC000,0x80004000,No Access
2408,0x00000000,0x7ffe0000,No Access
2408,0x7FFE1000,0xa000,No Access
2408,0x7FFEC000,0x80004000,No Access
2452,0x00000000,0x7ffe0000,No Access
2452,0x7FFE1000,0xa000,No Access
2452,0x7FFEC000,0x80004000,No Access
2460,0x00000000,0x7ffe0000,No Access
2460,0x7FFE1000,0xa000,No Access
2460,0x7FFEC000,0x80004000,No Access
2616,0x00000000,0x7ffe0000,No Access
2616,0x7FFE1000,0xa000,No Access
2616,0x7FFEC000,0x80004000,No Access
2780,0x00000000,0x7ffe0000,No Access
2780,0x7FFE1000,0xa000,No Access
2780,0x7FFEC000,0x80004000,No Access
2788,0x00000000,0x260000,No Access
2788,0x00273000,0xd000,No Access
2788,0x0029F000,0x1000,No Access
2788,0x003A4000,0xc000,No Access
2788,0x003B1000,0xf000,No Access
2788,0x003C2000,0xe000,No Access
2788,0x003E1000,0xf000,No Access
2788,0x003F3000,0xd000,No Access
2788,0x00611000,0xf000,No Access
2788,0x0062D000,0x3000,No Access
2788,0x00632000,0xe000,No Access
2788,0x0080E000,0x2000,No Access
2788,0x00821000,0xf000,No Access
2788,0x00841000,0xf000,No Access
2788,0x00852000,0x1e000,No Access
2788,0x00B78000,0x8000,No Access
2788,0x00D01000,0xf000,No Access
2788,0x00DD1000,0xf000,No Access
2788,0x00DE1000,0xf000,No Access
2788,0x00DFD000,0x3000,No Access
2788,0x00E01000,0xf000,No Access
2788,0x00E25000,0xb000,No Access
2788,0x00E31000,0xf000,No Access
2788,0x00E41000,0xf000,No Access
2788,0x00E51000,0xf000,No Access
2788,0x00E67000,0x9000,No Access
2788,0x00E93000,0xd000,No Access
2788,0x00EAD000,0x3000,No Access
2788,0x00EBD000,0x3000,No Access
2788,0x00EC1000,0xf000,No Access
2788,0x00EE1000,0xf000,No Access
2788,0x00F00000,0x100000,No Access
2788,0x01101000,0x1ff000,No Access
2788,0x01400000,0x100000,No Access
2788,0x0183A000,0x6000,No Access
2788,0x01C8A000,0x6000,No Access
2788,0x02190000,0x7de50000,No Access
2788,0x7FFE1000,0xa000,No Access
2788,0x7FFEC000,0x80004000,No Access
2900,0x00000000,0x7ffe0000,No Access
2900,0x7FFE1000,0xa000,No Access
2900,0x7FFEC000,0x80004000,No Access
3036,0x00000000,0x7ffe0000,No Access
3036,0x7FFE1000,0xa000,No Access
3036,0x7FFEC000,0x80004000,No Access
2436,0x00000000,0x7ffe0000,No Access
2436,0x7FFE1000,0xa000,No Access
2436,0x7FFEC000,0x80004000,No Access
2228,0x00000000,0x7ffe0000,No Access
2228,0x7FFE1000,0xa000,No Access
2228,0x7FFEC000,0x80004000,No Access
3136,0x00000000,0x7ffe0000,No Access
3136,0x7FFE1000,0xa000,No Access
3136,0x7FFEC000,0x80004000,No Access
3176,0x00000000,0x7ffe0000,No Access
3176,0x7FFE1000,0xa000,No Access
3176,0x7FFEC000,0x80004000,No Access
3240,0x00000000,0x7ffe0000,No Access
3240,0x7FFE1000,0xa000,No Access
3240,0x7FFEC000,0x80004000,No Access
3248,0x00000000,0x7ffe0000,No Access
3248,0x7FFE1000,0xa000,No Access
3248,0x7FFEC000,0x80004000,No Access
3256,0x00000000,0x7ffe0000,No Access
3256,0x7FFE1000,0xa000,No Access
3256,0x7FFEC000,0x80004000,No Access
3296,0x00000000,0x7ffe0000,No Access
3296,0x7FFE1000,0xa000,No Access
3296,0x7FFEC000,0x80004000,No Access
3324,0x00000000,0x7ffe0000,No Access
3324,0x7FFE1000,0xa000,No Access
3324,0x7FFEC000,0x80004000,No Access
3356,0x00000000,0x7ffe0000,No Access
3356,0x7FFE1000,0xa000,No Access
3356,0x7FFEC000,0x80004000,No Access
3384,0x00000000,0x7ffe0000,No Access
3384,0x7FFE1000,0xa000,No Access
3384,0x7FFEC000,0x80004000,No Access
3408,0x00000000,0x550000,No Access
3408,0x00561000,0xf000,No Access
3408,0x0059F000,0x1000,No Access
3408,0x005E4000,0xc000,No Access
3408,0x005F3000,0xd000,No Access
3408,0x00902000,0xe000,No Access
3408,0x00921000,0xf000,No Access
3408,0x00941000,0xf000,No Access
3408,0x00953000,0xd000,No Access
3408,0x0096D000,0x3000,No Access
3408,0x00981000,0xf000,No Access
3408,0x00993000,0xd000,No Access
3408,0x009A8000,0x8000,No Access
3408,0x009B3000,0xd000,No Access
3408,0x009D1000,0xf000,No Access
3408,0x009F1000,0xf000,No Access
3408,0x00A12000,0xe000,No Access
3408,0x00A22000,0x1e000,No Access
3408,0x00A48000,0x8000,No Access
3408,0x00C1E000,0x142000,No Access
3408,0x00D61000,0x7f000,No Access
3408,0x00DE1000,0xf000,No Access
3408,0x00DF1000,0xf000,No Access
3408,0x00E01000,0xf000,No Access
3408,0x00E18000,0x8000,No Access
3408,0x00E97000,0x209000,No Access
3408,0x01421000,0xf000,No Access
3408,0x014F1000,0xf000,No Access
3408,0x01607000,0x9000,No Access
3408,0x01611000,0xf000,No Access
3408,0x01621000,0xf000,No Access
3408,0x01637000,0x9000,No Access
3408,0x01690000,0x10000,No Access
3408,0x019EA000,0x6000,No Access
3408,0x01C30000,0x72610000,No Access
3408,0x7424E000,0x2000,No Access
3408,0x7425B000,0x5000,No Access
3408,0x74306000,0xa000,No Access
3408,0x7435F000,0x1000,No Access
3408,0x7438B000,0x5000,No Access
3408,0x74412000,0xe000,No Access
3408,0x74433000,0xd000,No Access
3408,0x74459000,0x7000,No Access
3408,0x7457A000,0x6000,No Access
3408,0x74592000,0xe000,No Access
3408,0x745AB000,0x5000,No Access
3408,0x745BF000,0x1000,No Access
3408,0x745C8000,0x8000,No Access
3408,0x745E4000,0xc000,No Access
3408,0x7480F000,0x1000,No Access
3408,0x748D7000,0x9000,No Access
3408,0x74FCE000,0x2000,No Access
3408,0x75049000,0x17000,No Access
3408,0x752DC000,0x164000,No Access
3408,0x7545A000,0x446000,No Access
3408,0x7595A000,0x6000,No Access
3408,0x75B0A000,0x6000,No Access
3408,0x75D89000,0x7000,No Access
3408,0x75E94000,0x2c000,No Access
3408,0x75F5C000,0x4000,No Access
3408,0x765FB000,0x65000,No Access
3408,0x76750000,0x230000,No Access
3408,0x769A3000,0xd000,No Access
3408,0x76A72000,0xe000,No Access
3408,0x76A9A000,0x6000,No Access
3408,0x76B26000,0xda000,No Access
3408,0x76CC4000,0xc000,No Access
3408,0x76D52000,0xe000,No Access
3408,0x76E72000,0xe000,No Access
3408,0x76FD5000,0xb000,No Access
3408,0x77043000,0xd000,No Access
3408,0x77132000,0xe000,No Access
3408,0x7718B000,0x155000,No Access
3408,0x7735F000,0x1000,No Access
3408,0x7736A000,0x6000,No Access
3408,0x77522000,0x88ee000,No Access
3408,0x7FF19000,0x7000,No Access
3408,0x7FF22000,0xe000,No Access
3408,0x7FF41000,0xf000,No Access
3408,0x7FF52000,0xe000,No Access
3408,0x7FF61000,0x7f000,No Access
3408,0x7FFE1000,0xa000,No Access
3408,0x7FFEC000,0x4000,No Access
3424,0x00000000,0x7ffe0000,No Access
3424,0x7FFE1000,0xa000,No Access
3424,0x7FFEC000,0x80004000,No Access
3476,0x00000000,0x7ffe0000,No Access
3476,0x7FFE1000,0xa000,No Access
3476,0x7FFEC000,0x80004000,No Access
3576,0x00000000,0x7ffe0000,No Access
3576,0x7FFE1000,0xa000,No Access
3576,0x7FFEC000,0x80004000,No Access
3600,0x00000000,0x7ffe0000,No Access
3600,0x7FFE1000,0xa000,No Access
3600,0x7FFEC000,0x80004000,No Access
3624,0x00000000,0x7ffe0000,No Access
3624,0x7FFE1000,0xa000,No Access
3624,0x7FFEC000,0x80004000,No Access
3644,0x00000000,0x7ffe0000,No Access
3644,0x7FFE1000,0xa000,No Access
3644,0x7FFEC000,0x80004000,No Access
3656,0x00000000,0x7ffe0000,No Access
3656,0x7FFE1000,0xa000,No Access
3656,0x7FFEC000,0x80004000,No Access
3684,0x00000000,0x7ffe0000,No Access
3684,0x7FFE1000,0xa000,No Access
3684,0x7FFEC000,0x80004000,No Access
3736,0x00000000,0x7ffe0000,No Access
3736,0x7FFE1000,0xa000,No Access
3736,0x7FFEC000,0x80004000,No Access
4032,0x00000000,0x7ffe0000,No Access
4032,0x7FFE1000,0xa000,No Access
4032,0x7FFEC000,0x80004000,No Access
4572,0x00000000,0x7ffe0000,No Access
4572,0x7FFE1000,0xa000,No Access
4572,0x7FFEC000,0x80004000,No Access
4580,0x00000000,0x7ffe0000,No Access
4580,0x7FFE1000,0xa000,No Access
4580,0x7FFEC000,0x80004000,No Access
4916,0x00000000,0x7ffe0000,No Access
4916,0x7FFE1000,0xa000,No Access
4916,0x7FFEC000,0x80004000,No Access
4924,0x00000000,0xa00000,No Access
4924,0x00C13000,0xd000,No Access
4924,0x00C3F000,0x1000,No Access
4924,0x00CC4000,0xc000,No Access
4924,0x00CD3000,0xd000,No Access
4924,0x00CE2000,0xe000,No Access
4924,0x00D01000,0xf000,No Access
4924,0x00D21000,0xf000,No Access
4924,0x00D33000,0xd000,No Access
4924,0x00D4D000,0x3000,No Access
4924,0x00E1E000,0x2000,No Access
4924,0x00E31000,0xf000,No Access
4924,0x00E51000,0xf000,No Access
4924,0x00E62000,0xe000,No Access
4924,0x00E72000,0xe000,No Access
4924,0x00E84000,0xc000,No Access
4924,0x0101C000,0x4000,No Access
4924,0x01022000,0xe000,No Access
4924,0x01033000,0xd000,No Access
4924,0x01055000,0xb000,No Access
4924,0x01062000,0xe000,No Access
4924,0x01072000,0xe000,No Access
4924,0x0108B000,0x5000,No Access
4924,0x0109D000,0x3000,No Access
4924,0x010A8000,0x8000,No Access
4924,0x010B4000,0xc000,No Access
4924,0x010C1000,0xf000,No Access
4924,0x010D1000,0xf000,No Access
4924,0x010E1000,0xf000,No Access
4924,0x010F2000,0xe000,No Access
4924,0x01101000,0xf000,No Access
4924,0x014A1000,0xf000,No Access
4924,0x028B1000,0xf000,No Access
4924,0x028C7000,0x9000,No Access
4924,0x028E1000,0xf000,No Access
4924,0x028F1000,0xf000,No Access
4924,0x0292F000,0x1000,No Access
4924,0x02C7A000,0x6000,No Access
4924,0x02C8D000,0x3000,No Access
4924,0x02C9C000,0x4000,No Access
4924,0x02CA1000,0xf000,No Access
4924,0x02D31000,0xf000,No Access
4924,0x02D41000,0xf000,No Access
4924,0x02D55000,0xb000,No Access
4924,0x02D67000,0x9000,No Access
4924,0x02DD2000,0xe000,No Access
4924,0x02DE4000,0xc000,No Access
4924,0x02DF1000,0xf000,No Access
4924,0x02E01000,0xf000,No Access
4924,0x02E11000,0xf000,No Access
4924,0x02E21000,0xf000,No Access
4924,0x02E31000,0xf000,No Access
4924,0x02E43000,0xd000,No Access
4924,0x02E54000,0xc000,No Access
4924,0x02E62000,0xe000,No Access
4924,0x02E78000,0x8000,No Access
4924,0x02E8E000,0x2000,No Access
4924,0x02E91000,0xf000,No Access
4924,0x02EA1000,0xf000,No Access
4924,0x02F78000,0x8000,No Access
4924,0x02F84000,0xc000,No Access
4924,0x02F94000,0xc000,No Access
4924,0x02FE8000,0x8000,No Access
4924,0x02FF4000,0xc000,No Access
4924,0x03022000,0xe000,No Access
4924,0x03034000,0xc000,No Access
4924,0x03042000,0xe000,No Access
4924,0x030D2000,0xe000,No Access
4924,0x030E1000,0xf000,No Access
4924,0x03101000,0xf000,No Access
4924,0x03115000,0xb000,No Access
4924,0x03203000,0xd000,No Access
4924,0x03291000,0xf000,No Access
4924,0x032A2000,0xe000,No Access
4924,0x032B1000,0xf000,No Access
4924,0x032C1000,0xf000,No Access
4924,0x032D1000,0xf000,No Access
4924,0x032E1000,0xf000,No Access
4924,0x032F1000,0xf000,No Access
4924,0x03308000,0x8000,No Access
4924,0x03313000,0xd000,No Access
4924,0x033A1000,0x1f000,No Access
4924,0x033C8000,0x8000,No Access
4924,0x033D1000,0xf000,No Access
4924,0x033E3000,0xd000,No Access
4924,0x03409000,0x7000,No Access
4924,0x03812000,0xe000,No Access
4924,0x03823000,0xd000,No Access
4924,0x03835000,0xb000,No Access
4924,0x04AC5000,0xb000,No Access
4924,0x04ADD000,0x3000,No Access
4924,0x04AE1000,0xf000,No Access
4924,0x04AF3000,0xd000,No Access
4924,0x04B04000,0xc000,No Access
4924,0x04B11000,0xf000,No Access
4924,0x04B21000,0xf000,No Access
4924,0x04B31000,0xf000,No Access
4924,0x04BC4000,0xc000,No Access
4924,0x04C1B000,0x5000,No Access
4924,0x04C24000,0xc000,No Access
4924,0x04CD2000,0xe000,No Access
4924,0x04CE1000,0xf000,No Access
4924,0x04CF1000,0xf000,No Access
4924,0x04F01000,0xf000,No Access
4924,0x060F1000,0xf000,No Access
4924,0x06103000,0xd000,No Access
4924,0x06114000,0xc000,No Access
4924,0x06124000,0xc000,No Access
4924,0x06134000,0xc000,No Access
4924,0x06141000,0xf000,No Access
4924,0x06154000,0xc000,No Access
4924,0x06164000,0xc000,No Access
4924,0x06178000,0x8000,No Access
4924,0x06181000,0xf000,No Access
4924,0x06191000,0xf000,No Access
4924,0x061A1000,0xf000,No Access
4924,0x06231000,0xf000,No Access
4924,0x06241000,0xf000,No Access
4924,0x06353000,0x1d000,No Access
4924,0x06371000,0xf000,No Access
4924,0x06381000,0xf000,No Access
4924,0x06391000,0xf000,No Access
4924,0x063A1000,0xf000,No Access
4924,0x063B1000,0xf000,No Access
4924,0x06453000,0xd000,No Access
4924,0x06463000,0xd000,No Access
4924,0x06571000,0xf000,No Access
4924,0x06581000,0xf000,No Access
4924,0x06591000,0xf000,No Access
4924,0x065B1000,0xf000,No Access
4924,0x065C1000,0xf000,No Access
4924,0x0665A000,0x6000,No Access
4924,0x066E1000,0xf000,No Access
4924,0x066F1000,0xf000,No Access
4924,0x06883000,0xd000,No Access
4924,0x06912000,0xe000,No Access
4924,0x069A1000,0xf000,No Access
4924,0x069B1000,0xf000,No Access
4924,0x069C1000,0xf000,No Access
4924,0x06E51000,0xf000,No Access
4924,0x06E61000,0xf000,No Access
4924,0x06E71000,0x1f000,No Access
4924,0x06E93000,0xd000,No Access
4924,0x06EA3000,0xd000,No Access
4924,0x06EBD000,0x3000,No Access
4924,0x06EC3000,0xd000,No Access
4924,0x06FD1000,0xf000,No Access
4924,0x06FE4000,0xc000,No Access
4924,0x06FF2000,0xe000,No Access
4924,0x07001000,0xf000,No Access
4924,0x07011000,0xf000,No Access
4924,0x070A4000,0xc000,No Access
4924,0x070B3000,0xd000,No Access
4924,0x070C9000,0x7000,No Access
4924,0x07351000,0xf000,No Access
4924,0x07361000,0xf000,No Access
4924,0x07373000,0xd000,No Access
4924,0x07381000,0xf000,No Access
4924,0x07399000,0x7000,No Access
4924,0x073A1000,0xf000,No Access
4924,0x073B3000,0xd000,No Access
4924,0x07CCC000,0x4000,No Access
4924,0x07CD1000,0xf000,No Access
4924,0x07CE1000,0xf000,No Access
4924,0x07CF1000,0xf000,No Access
4924,0x07D01000,0xf000,No Access
4924,0x07D11000,0xf000,No Access
4924,0x07D22000,0xe000,No Access
4924,0x07D31000,0xf000,No Access
4924,0x07D44000,0xc000,No Access
4924,0x07D51000,0xf000,No Access
4924,0x07D63000,0xd000,No Access
4924,0x07D71000,0xf000,No Access
4924,0x07E86000,0xa000,No Access
4924,0x08054000,0xc000,No Access
4924,0x08061000,0xf000,No Access
4924,0x08086000,0xa000,No Access
4924,0x08098000,0x8000,No Access
4924,0x080A1000,0xf000,No Access
4924,0x080B3000,0x1d000,No Access
4924,0x080D9000,0x7000,No Access
4924,0x080E1000,0xf000,No Access
4924,0x080F1000,0xf000,No Access
4924,0x08101000,0xf000,No Access
4924,0x08158000,0x8000,No Access
4924,0x08161000,0xf000,No Access
4924,0x08171000,0xf000,No Access
4924,0x084C1000,0xf000,No Access
4924,0x084D4000,0xc000,No Access
4924,0x084E1000,0xf000,No Access
4924,0x084F4000,0xc000,No Access
4924,0x08503000,0xd000,No Access
4924,0x08511000,0xf000,No Access
4924,0x08521000,0xf000,No Access
4924,0x08531000,0xf000,No Access
4924,0x08541000,0xf000,No Access
4924,0x08554000,0xc000,No Access
4924,0x08569000,0x7000,No Access
4924,0x08571000,0xf000,No Access
4924,0x08581000,0xf000,No Access
4924,0x08599000,0x7000,No Access
4924,0x08620000,0x20000,No Access
4924,0x0865B000,0x25000,No Access
4924,0x08682000,0xe000,No Access
4924,0x08691000,0xf000,No Access
4924,0x086A6000,0xa000,No Access
4924,0x086F8000,0x8000,No Access
4924,0x08748000,0x8000,No Access
4924,0x087AE000,0x2000,No Access
4924,0x087B1000,0xf000,No Access
4924,0x08D73000,0xd000,No Access
4924,0x09221000,0xf000,No Access
4924,0x09233000,0xd000,No Access
4924,0x0924D000,0x3000,No Access
4924,0x09276000,0xa000,No Access
4924,0x09281000,0xf000,No Access
4924,0x09291000,0xf000,No Access
4924,0x092B2000,0xe000,No Access
4924,0x09343000,0xd000,No Access
4924,0x09551000,0xf000,No Access
4924,0x09561000,0xf000,No Access
4924,0x09571000,0xf000,No Access
4924,0x09581000,0xf000,No Access
4924,0x09591000,0xf000,No Access
4924,0x095A1000,0xf000,No Access
4924,0x095B1000,0xf000,No Access
4924,0x095C1000,0xf000,No Access
4924,0x097D2000,0xe000,No Access
4924,0x097EA000,0x6000,No Access
4924,0x097F3000,0xd000,No Access
4924,0x09801000,0xf000,No Access
4924,0x09818000,0x8000,No Access
4924,0x09821000,0xf000,No Access
4924,0x09831000,0xf000,No Access
4924,0x09841000,0xf000,No Access
4924,0x09C57000,0x9000,No Access
4924,0x09D0E000,0x2000,No Access
4924,0x0AA8B000,0x5000,No Access
4924,0x0AF53000,0xd000,No Access
4924,0x0AF83000,0xd000,No Access
4924,0x0B091000,0xf000,No Access
4924,0x0B0A1000,0xf000,No Access
4924,0x0B0B1000,0xf000,No Access
4924,0x0B0C1000,0xf000,No Access
4924,0x0B0D1000,0xf000,No Access
4924,0x0B0E1000,0xf000,No Access
4924,0x0B0F1000,0xf000,No Access
4924,0x0B101000,0x1f000,No Access
4924,0x0B121000,0xf000,No Access
4924,0x0B1B1000,0xf000,No Access
4924,0x0B1C2000,0xe000,No Access
4924,0x0B1D1000,0xf000,No Access
4924,0x0B1E2000,0xe000,No Access
4924,0x0B1F3000,0xd000,No Access
4924,0x0B204000,0xc000,No Access
4924,0x0B33A000,0x6000,No Access
4924,0x0B3CA000,0x6000,No Access
4924,0x0B3D1000,0xf000,No Access
4924,0x0B3E1000,0xf000,No Access
4924,0x0B3F2000,0xe000,No Access
4924,0x0B401000,0xf000,No Access
4924,0x0B55A000,0x6000,No Access
4924,0x0BEF2000,0xe000,No Access
4924,0x0C08B000,0x5000,No Access
4924,0x0C1A5000,0xb000,No Access
4924,0x0DEAF000,0x1000,No Access
4924,0x0DF34000,0xc000,No Access
4924,0x0DF44000,0xc000,No Access
4924,0x0DF58000,0x8000,No Access
4924,0x0DF68000,0x8000,No Access
4924,0x0E3EA000,0x6000,No Access
4924,0x0E6F8000,0x18000,No Access
4924,0x0E7AB000,0x5000,No Access
4924,0x0E7BA000,0x16000,No Access
4924,0x0E7D1000,0xf000,No Access
4924,0x0E7E1000,0xf000,No Access
4924,0x0FE2A000,0x6000,No Access
4924,0x1080C000,0x4000,No Access
4924,0x10A17000,0x9000,No Access
4924,0x10CEC000,0x4000,No Access
4924,0x110DA000,0x6000,No Access
4924,0x111A3000,0xd000,No Access
4924,0x111B3000,0xd000,No Access
4924,0x111C3000,0xd000,No Access
4924,0x112DB000,0x5000,No Access
4924,0x11397000,0x9000,No Access
4924,0x11425000,0xb000,No Access
4924,0x115C1000,0xf000,No Access
4924,0x115D1000,0xf000,No Access
4924,0x115E1000,0xf000,No Access
4924,0x115F4000,0xc000,No Access
4924,0x11604000,0xc000,No Access
4924,0x11614000,0xc000,No Access
4924,0x11624000,0xc000,No Access
4924,0x11634000,0xc000,No Access
4924,0x11644000,0xc000,No Access
4924,0x11654000,0xc000,No Access
4924,0x11661000,0xf000,No Access
4924,0x11671000,0xf000,No Access
4924,0x11681000,0xf000,No Access
4924,0x11782000,0xe000,No Access
4924,0x11911000,0xf000,No Access
4924,0x11966000,0xa000,No Access
4924,0x11979000,0x7000,No Access
4924,0x11981000,0xf000,No Access
4924,0x11A11000,0xf000,No Access
4924,0x11A21000,0xf000,No Access
4924,0x11A31000,0xf000,No Access
4924,0x11A44000,0xc000,No Access
4924,0x11A59000,0x7000,No Access
4924,0x11A6D000,0x3000,No Access
4924,0x11A74000,0xc000,No Access
4924,0x1346E000,0x2000,No Access
4924,0x13471000,0xf000,No Access
4924,0x13488000,0x8000,No Access
4924,0x13491000,0x10f000,No Access
4924,0x135A3000,0xd000,No Access
4924,0x135F8000,0x8000,No Access
4924,0x13648000,0x8000,No Access
4924,0x13652000,0x1e000,No Access
4924,0x13671000,0xf000,No Access
4924,0x13681000,0xf000,No Access
4924,0x13691000,0xf000,No Access
4924,0x136A1000,0xf000,No Access
4924,0x136B1000,0xf000,No Access
4924,0x136C1000,0xf000,No Access
4924,0x136D1000,0xf000,No Access
4924,0x136E1000,0xf000,No Access
4924,0x136F1000,0xf000,No Access
4924,0x13702000,0xe000,No Access
4924,0x13712000,0xe000,No Access
4924,0x13721000,0xf000,No Access
4924,0x137B1000,0xf000,No Access
4924,0x137C1000,0xf000,No Access
4924,0x137D1000,0xf000,No Access
4924,0x137ED000,0x3000,No Access
4924,0x137F4000,0xc000,No Access
4924,0x13801000,0xf000,No Access
4924,0x13814000,0xc000,No Access
4924,0x13821000,0xf000,No Access
4924,0x1395A000,0x6000,No Access
4924,0x139E1000,0xf000,No Access
4924,0x139F1000,0xf000,No Access
4924,0x13A0D000,0x3000,No Access
4924,0x13A11000,0xf000,No Access
4924,0x13A24000,0xc000,No Access
4924,0x13E33000,0xd000,No Access
4924,0x13E76000,0xa000,No Access
4924,0x13F81000,0xf000,No Access
4924,0x13F96000,0xa000,No Access
4924,0x14131000,0xf000,No Access
4924,0x14188000,0x8000,No Access
4924,0x14191000,0xf000,No Access
4924,0x141A4000,0xc000,No Access
4924,0x141B4000,0xc000,No Access
4924,0x142C0000,0x100000,No Access
4924,0x143C1000,0xf000,No Access
4924,0x143D1000,0xf000,No Access
4924,0x143E1000,0xf000,No Access
4924,0x15680000,0x180000,No Access
4924,0x15880000,0x10000,No Access
4924,0x15891000,0xf000,No Access
4924,0x158A1000,0xf000,No Access
4924,0x158B1000,0x4f000,No Access
4924,0x15980000,0x100000,No Access
4924,0x15AD3000,0xd000,No Access
4924,0x15AE1000,0xf000,No Access
4924,0x15B00000,0x80000,No Access
4924,0x15C80000,0x80000,No Access
4924,0x15E01000,0xf000,No Access
4924,0x15E11000,0xf000,No Access
4924,0x15E21000,0xf000,No Access
4924,0x15E31000,0xf000,No Access
4924,0x15E41000,0xf000,No Access
4924,0x15E54000,0xc000,No Access
4924,0x15E61000,0xf000,No Access
4924,0x15E71000,0xf000,No Access
4924,0x15E81000,0xf000,No Access
4924,0x15E91000,0xf000,No Access
4924,0x15EA1000,0xf000,No Access
4924,0x15EB1000,0xf000,No Access
4924,0x15EC1000,0xf000,No Access
4924,0x15ED1000,0xf000,No Access
4924,0x15EE1000,0xf000,No Access
4924,0x15EF1000,0xf000,No Access
4924,0x1603A000,0x6000,No Access
4924,0x16041000,0xf000,No Access
4924,0x16051000,0xf000,No Access
4924,0x16064000,0xc000,No Access
4924,0x16071000,0xf000,No Access
4924,0x16081000,0xf000,No Access
4924,0x16091000,0xf000,No Access
4924,0x160A1000,0xf000,No Access
4924,0x160B1000,0xf000,No Access
4924,0x160C1000,0xf000,No Access
4924,0x160D1000,0xf000,No Access
4924,0x160E1000,0xf000,No Access
4924,0x160F1000,0xf000,No Access
4924,0x16101000,0xf000,No Access
4924,0x16111000,0xf000,No Access
4924,0x16121000,0xf000,No Access
4924,0x16131000,0xf000,No Access
4924,0x16141000,0xf000,No Access
4924,0x16151000,0xf000,No Access
4924,0x16161000,0xf000,No Access
4924,0x16174000,0xc000,No Access
4924,0x16184000,0xc000,No Access
4924,0x161E3000,0xd000,No Access
4924,0x161FD000,0x3000,No Access
4924,0x16201000,0xf000,No Access
4924,0x16211000,0xf000,No Access
4924,0x16221000,0xf000,No Access
4924,0x16231000,0xf000,No Access
4924,0x16241000,0xf000,No Access
4924,0x16251000,0xf000,No Access
4924,0x16261000,0xf000,No Access
4924,0x16271000,0xf000,No Access
4924,0x16281000,0xf000,No Access
4924,0x16291000,0xf000,No Access
4924,0x162A1000,0xf000,No Access
4924,0x162B1000,0xf000,No Access
4924,0x162C1000,0xf000,No Access
4924,0x162D1000,0xf000,No Access
4924,0x162E1000,0xf000,No Access
4924,0x162F1000,0xf000,No Access
4924,0x16301000,0xf000,No Access
4924,0x16311000,0xf000,No Access
4924,0x16321000,0xf000,No Access
4924,0x16331000,0xf000,No Access
4924,0x16341000,0xf000,No Access
4924,0x16351000,0xf000,No Access
4924,0x16361000,0xf000,No Access
4924,0x16371000,0xf000,No Access
4924,0x16381000,0xf000,No Access
4924,0x16391000,0xf000,No Access
4924,0x163A1000,0xf000,No Access
4924,0x163B1000,0xf000,No Access
4924,0x163C1000,0xf000,No Access
4924,0x163D1000,0xf000,No Access
4924,0x163E1000,0xf000,No Access
4924,0x163F1000,0xf000,No Access
4924,0x16401000,0xf000,No Access
4924,0x16411000,0xf000,No Access
4924,0x16421000,0xf000,No Access
4924,0x16431000,0xf000,No Access
4924,0x16781000,0xf000,No Access
4924,0x16791000,0x8f000,No Access
4924,0x16824000,0xc000,No Access
4924,0x16831000,0xf000,No Access
4924,0x16841000,0xf000,No Access
4924,0x16851000,0xf000,No Access
4924,0x16861000,0xf000,No Access
4924,0x16871000,0xf000,No Access
4924,0x16881000,0xf000,No Access
4924,0x16891000,0xf000,No Access
4924,0x16921000,0xf000,No Access
4924,0x16931000,0x8f000,No Access
4924,0x169C8000,0x8000,No Access
4924,0x16A34000,0xc000,No Access
4924,0x17B90000,0x10000,No Access
4924,0x17BA1000,0x9f000,No Access
4924,0x17C81000,0x1f000,No Access
4924,0x17CA2000,0xae000,No Access
4924,0x17D51000,0xf000,No Access
4924,0x17D68000,0x8000,No Access
4924,0x17DB1000,0xf000,No Access
4924,0x17DC2000,0x1e000,No Access
4924,0x17DE1000,0xf000,No Access
4924,0x17F47000,0x9000,No Access
4924,0x17F85000,0x1b000,No Access
4924,0x17FB0000,0x100000,No Access
4924,0x18370000,0x30000,No Access
4924,0x183A1000,0xf000,No Access
4924,0x183B1000,0xf000,No Access
4924,0x183C1000,0xf000,No Access
4924,0x183D1000,0xf000,No Access
4924,0x183F1000,0x1f000,No Access
4924,0x18421000,0xf000,No Access
4924,0x18431000,0xf000,No Access
4924,0x18441000,0xf000,No Access
4924,0x18451000,0xf000,No Access
4924,0x18461000,0xf000,No Access
4924,0x18471000,0xf000,No Access
4924,0x18481000,0xf000,No Access
4924,0x18491000,0xf000,No Access
4924,0x184B1000,0xf000,No Access
4924,0x184C1000,0xf000,No Access
4924,0x18CD0000,0x580000,No Access
4924,0x192D0000,0x110000,No Access
4924,0x194E0000,0x30000,No Access
4924,0x1CB57000,0x9000,No Access
4924,0x1D86A000,0x6000,No Access
4924,0x1DCCE000,0x2000,No Access
4924,0x1F8FE000,0x582000,No Access
4924,0x1FEB3000,0xd000,No Access
4924,0x204F3000,0x14d000,No Access
4924,0x20940000,0x200000,No Access
4924,0x22187000,0x3c9000,No Access
4924,0x228D0000,0x280000,No Access
4924,0x22BD0000,0x280000,No Access
4924,0x240E0000,0x1c40000,No Access
4924,0x27367000,0x58c79000,No Access
4924,0x7FFE1000,0xa000,No Access
4924,0x7FFEC000,0x80004000,No Access
4988,0x00000000,0x7ffe0000,No Access
4988,0x7FFE1000,0xa000,No Access
4988,0x7FFEC000,0x80004000,No Access
4456,0x00000000,0x7ffe0000,No Access
4456,0x7FFE1000,0xa000,No Access
4456,0x7FFEC000,0x80004000,No Access
4460,0x00000000,0x7ffe0000,No Access
4460,0x7FFE1000,0xa000,No Access
4460,0x7FFEC000,0x80004000,No Access
4888,0x00000000,0x7ffe0000,No Access
4888,0x7FFE1000,0xa000,No Access
4888,0x7FFEC000,0x80004000,No Access
3404,0x00000000,0x7ffe0000,No Access
3404,0x7FFE1000,0xa000,No Access
3404,0x7FFEC000,0x80004000,No Access
5132,0x00000000,0x7ffe0000,No Access
5132,0x7FFE1000,0xa000,No Access
5132,0x7FFEC000,0x80004000,No Access
5264,0x00000000,0x7ffe0000,No Access
5264,0x7FFE1000,0xa000,No Access
5264,0x7FFEC000,0x80004000,No Access
5192,0x00000000,0x7ffe0000,No Access
5192,0x7FFE1000,0xa000,No Access
5192,0x7FFEC000,0x80004000,No Access
3400,0x00000000,0x7ffe0000,No Access
3400,0x7FFE1000,0xa000,No Access
3400,0x7FFEC000,0x80004000,No Access
5248,0x00000000,0x7ffe0000,No Access
5248,0x7FFE1000,0xa000,No Access
5248,0x7FFEC000,0x80004000,No Access
5840,0x00000000,0x7ffe0000,No Access
5840,0x7FFE1000,0xa000,No Access
5840,0x7FFEC000,0x80004000,No Access
6028,0x00000000,0x7ffe0000,No Access
6028,0x7FFE1000,0xa000,No Access
6028,0x7FFEC000,0x80004000,No Access
5972,0x00000000,0x7ffe0000,No Access
5972,0x7FFE1000,0xa000,No Access
5972,0x7FFEC000,0x80004000,No Access
3916,0x00000000,0x7ffe0000,No Access
3916,0x7FFE1000,0xa000,No Access
3916,0x7FFEC000,0x80004000,No Access
5288,0x00000000,0x7ffe0000,No Access
5288,0x7FFE1000,0xa000,No Access
5288,0x7FFEC000,0x80004000,No Access
6328,0x00000000,0x7ffe0000,No Access
6328,0x7FFE1000,0xa000,No Access
6328,0x7FFEC000,0x80004000,No Access
6928,0x00000000,0x7ffe0000,No Access
6928,0x7FFE1000,0xa000,No Access
6928,0x7FFEC000,0x80004000,No Access
6064,0x00000000,0x7ffe0000,No Access
6064,0x7FFE1000,0xa000,No Access
6064,0x7FFEC000,0x80004000,No Access
6684,0x00000000,0x7ffe0000,No Access
6684,0x7FFE1000,0xa000,No Access
6684,0x7FFEC000,0x80004000,No Access
7232,0x00000000,0x7ffe0000,No Access
7232,0x7FFE1000,0xa000,No Access
7232,0x7FFEC000,0x80004000,No Access
7652,0x00000000,0x7ffe0000,No Access
7652,0x7FFE1000,0xa000,No Access
7652,0x7FFEC000,0x80004000,No Access
7800,0x00000000,0x7ffe0000,No Access
7800,0x7FFE1000,0xa000,No Access
7800,0x7FFEC000,0x80004000,No Access
8124,0x00000000,0x7ffe0000,No Access
8124,0x7FFE1000,0xa000,No Access
8124,0x7FFEC000,0x80004000,No Access
8616,0x00000000,0x7ffe0000,No Access
8616,0x7FFE1000,0xa000,No Access
8616,0x7FFEC000,0x80004000,No Access
8968,0x00000000,0x7ffe0000,No Access
8968,0x7FFE1000,0xa000,No Access
8968,0x7FFEC000,0x80004000,No Access
5412,0x00000000,0x7ffe0000,No Access
5412,0x7FFE1000,0xa000,No Access
5412,0x7FFEC000,0x80004000,No Access
9152,0x00000000,0x7ffe0000,No Access
9152,0x7FFE1000,0xa000,No Access
9152,0x7FFEC000,0x80004000,No Access
8816,0x00000000,0x7ffe0000,No Access
8816,0x7FFE1000,0xa000,No Access
8816,0x7FFEC000,0x80004000,No Access
8804,0x00000000,0x7ffe0000,No Access
8804,0x7FFE1000,0xa000,No Access
8804,0x7FFEC000,0x80004000,No Access
3100,0x00000000,0x7ffe0000,No Access
3100,0x7FFE1000,0xa000,No Access
3100,0x7FFEC000,0x80004000,No Access
3308,0x00000000,0x7ffe0000,No Access
3308,0x7FFE1000,0xa000,No Access
3308,0x7FFEC000,0x80004000,No Access
6688,0x00000000,0x7ffe0000,No Access
6688,0x7FFE1000,0xa000,No Access
6688,0x7FFEC000,0x80004000,No Access
5656,0x00000000,0x7ffe0000,No Access
5656,0x7FFE1000,0xa000,No Access
5656,0x7FFEC000,0x80004000,No Access
9160,0x00000000,0x7ffe0000,No Access
9160,0x7FFE1000,0xa000,No Access
9160,0x7FFEC000,0x80004000,No Access
7748,0x00000000,0x7ffe0000,No Access
7748,0x7FFE1000,0xa000,No Access
7748,0x7FFEC000,0x80004000,No Access
6236,0x00000000,0x7ffe0000,No Access
6236,0x7FFE1000,0xa000,No Access
6236,0x7FFEC000,0x80004000,No Access
8080,0x00000000,0x7ffe0000,No Access
8080,0x7FFE1000,0xa000,No Access
8080,0x7FFEC000,0x80004000,No Access
2364,0x00000000,0x7ffe0000,No Access
2364,0x7FFE1000,0xa000,No Access
2364,0x7FFEC000,0x80004000,No Access
2144,0x00000000,0x7ffe0000,No Access
2144,0x7FFE1000,0xa000,No Access
2144,0x7FFEC000,0x80004000,No Access
1672,0x00000000,0x7ffe0000,No Access
1672,0x7FFE1000,0xa000,No Access
1672,0x7FFEC000,0x80004000,No Access
4524,0x00000000,0x7ffe0000,No Access
4524,0x7FFE1000,0xa000,No Access
4524,0x7FFEC000,0x80004000,No Access
3092,0x00000000,0x7ffe0000,No Access
3092,0x7FFE1000,0xa000,No Access
3092,0x7FFEC000,0x80004000,No Access
5400,0x00000000,0x7ffe0000,No Access
5400,0x7FFE1000,0xa000,No Access
5400,0x7FFEC000,0x80004000,No Access
8668,0x00000000,0x7ffe0000,No Access
8668,0x7FFE1000,0xa000,No Access
8668,0x7FFEC000,0x80004000,No Access
7900,0x00000000,0x7ffe0000,No Access
7900,0x7FFE1000,0xa000,No Access
7900,0x7FFEC000,0x80004000,No Access
3944,0x00000000,0x7ffe0000,No Access
3944,0x7FFE1000,0xa000,No Access
3944,0x7FFEC000,0x80004000,No Access
7764,0x00000000,0x7ffe0000,No Access
7764,0x7FFE1000,0xa000,No Access
7764,0x7FFEC000,0x80004000,No Access
1656,0x00000000,0x7ffe0000,No Access
1656,0x7FFE1000,0xa000,No Access
1656,0x7FFEC000,0x80004000,No Access
6804,0x00000000,0x7ffe0000,No Access
6804,0x7FFE1000,0xa000,No Access
6804,0x7FFEC000,0x80004000,No Access
6748,0x00000000,0x7ffe0000,No Access
6748,0x7FFE1000,0xa000,No Access
6748,0x7FFEC000,0x80004000,No Access
6364,0x00000000,0x7ffe0000,No Access
6364,0x7FFE1000,0xa000,No Access
6364,0x7FFEC000,0x80004000,No Access
6456,0x00000000,0x7ffe0000,No Access
6456,0x7FFE1000,0xa000,No Access
6456,0x7FFEC000,0x80004000,No Access
7116,0x00000000,0x7ffe0000,No Access
7116,0x7FFE1000,0xa000,No Access
7116,0x7FFEC000,0x80004000,No Access
6900,0x00000000,0x7ffe0000,No Access
6900,0x7FFE1000,0xa000,No Access
6900,0x7FFEC000,0x80004000,No Access
8176,0x00000000,0x7ffe0000,No Access
8176,0x7FFE1000,0xa000,No Access
8176,0x7FFEC000,0x80004000,No Access
3120,0x00000000,0x7ffe0000,No Access
3120,0x7FFE1000,0xa000,No Access
3120,0x7FFEC000,0x80004000,No Access
8068,0x00000000,0x7ffe0000,No Access
8068,0x7FFE1000,0xa000,No Access
8068,0x7FFEC000,0x80004000,No Access
6756,0x00000000,0x7ffe0000,No Access
6756,0x7FFE1000,0xa000,No Access
6756,0x7FFEC000,0x80004000,No Access
10552,0x00000000,0x7ffe0000,No Access
10552,0x7FFE1000,0xa000,No Access
10552,0x7FFEC000,0x80004000,No Access
10832,0x00000000,0x7ffe0000,No Access
10832,0x7FFE1000,0xa000,No Access
10832,0x7FFEC000,0x80004000,No Access
7880,0x00000000,0x7ffe0000,No Access
7880,0x7FFE1000,0xa000,No Access
7880,0x7FFEC000,0x80004000,No Access
8052,0x00000000,0x7ffe0000,No Access
8052,0x7FFE1000,0xa000,No Access
8052,0x7FFEC000,0x80004000,No Access
3008,0x00000000,0x7ffe0000,No Access
3008,0x7FFE1000,0xa000,No Access
3008,0x7FFEC000,0x80004000,No Access
3488,0x00000000,0x2f4d0000,No Access
3488,0x2F4D1000,0xf000,No Access
3488,0x2F4E1000,0xf000,No Access
3488,0x2F4F1000,0x50aef000,No Access
3488,0x7FFE1000,0xa000,No Access
3488,0x7FFEC000,0x80004000,No Access
5204,0x00000000,0x7ffe0000,No Access
5204,0x7FFE1000,0xa000,No Access
5204,0x7FFEC000,0x80004000,No Access
10064,0x00000000,0x7ffe0000,No Access
10064,0x7FFE1000,0xa000,No Access
10064,0x7FFEC000,0x80004000,No Access
10420,0x00000000,0x7ffe0000,No Access
10420,0x7FFE1000,0xa000,No Access
10420,0x7FFEC000,0x80004000,No Access
11668,0x00000000,0x7ffe0000,No Access
11668,0x7FFE1000,0xa000,No Access
11668,0x7FFEC000,0x80004000,No Access
7412,0x00000000,0x7ffe0000,No Access
7412,0x7FFE1000,0xa000,No Access
7412,0x7FFEC000,0x80004000,No Access
11488,0x00000000,0x7ffe0000,No Access
11488,0x7FFE1000,0xa000,No Access
11488,0x7FFEC000,0x80004000,No Access
12104,0x00000000,0x7ffe0000,No Access
12104,0x7FFE1000,0xa000,No Access
12104,0x7FFEC000,0x80004000,No Access
6924,0x00000000,0x7ffe0000,No Access
6924,0x7FFE1000,0xa000,No Access
6924,0x7FFEC000,0x80004000,No Access
9824,0x00000000,0x7ffe0000,No Access
9824,0x7FFE1000,0xa000,No Access
9824,0x7FFEC000,0x80004000,No Access
7132,0x00000000,0x7ffe0000,No Access
7132,0x7FFE1000,0xa000,No Access
7132,0x7FFEC000,0x80004000,No Access
9988,0x00000000,0x77360000,No Access
9988,0x7736A000,0x8c76000,No Access
9988,0x7FFE1000,0xa000,No Access
9988,0x7FFEC000,0x80004000,No Access
10808,0x00000000,0x7ffe0000,No Access
10808,0x7FFE1000,0xa000,No Access
10808,0x7FFEC000,0x80004000,No Access
11560,0x00000000,0x7ffe0000,No Access
11560,0x7FFE1000,0xa000,No Access
11560,0x7FFEC000,0x80004000,No Access
9976,0x00000000,0x7ffe0000,No Access
9976,0x7FFE1000,0xa000,No Access
9976,0x7FFEC000,0x80004000,No Access
2640,0x00000000,0x7ffe0000,No Access
2640,0x7FFE1000,0xa000,No Access
2640,0x7FFEC000,0x80004000,No Access
9200,0x00000000,0x7ffe0000,No Access
9200,0x7FFE1000,0xa000,No Access
9200,0x7FFEC000,0x80004000,No Access
7528,0x00000000,0x7ffe0000,No Access
7528,0x7FFE1000,0xa000,No Access
7528,0x7FFEC000,0x80004000,No Access
3852,0x00000000,0x7ffe0000,No Access
3852,0x7FFE1000,0xa000,No Access
3852,0x7FFEC000,0x80004000,No Access
5372,0x00000000,0x7ffe0000,No Access
5372,0x7FFE1000,0xa000,No Access
5372,0x7FFEC000,0x80004000,No Access
12856,0x00000000,0x7ffe0000,No Access
12856,0x7FFE1000,0xa000,No Access
12856,0x7FFEC000,0x80004000,No Access
4940,0x00000000,0xc40000,No Access
4940,0x00C8D000,0xf3000,No Access
4940,0x00D91000,0xf000,No Access
4940,0x00DCF000,0x1000,No Access
4940,0x00DD4000,0xc000,No Access
4940,0x00DE1000,0xf000,No Access
4940,0x00DF2000,0xe000,No Access
4940,0x01151000,0xf000,No Access
4940,0x01171000,0xf000,No Access
4940,0x01183000,0xd000,No Access
4940,0x0119D000,0x3000,No Access
4940,0x011B1000,0xf000,No Access
4940,0x011C3000,0xd000,No Access
4940,0x011D8000,0x8000,No Access
4940,0x011E3000,0xd000,No Access
4940,0x012BE000,0x2000,No Access
4940,0x012D1000,0xf000,No Access
4940,0x012E2000,0xe000,No Access
4940,0x01311000,0xf000,No Access
4940,0x01322000,0xe000,No Access
4940,0x01431000,0xf000,No Access
4940,0x01448000,0x8000,No Access
4940,0x01451000,0xf000,No Access
4940,0x015C0000,0x140000,No Access
4940,0x01881000,0xf000,No Access
4940,0x02EC1000,0xf000,No Access
4940,0x02F01000,0xf000,No Access
4940,0x02F11000,0xf000,No Access
4940,0x055FA000,0x6000,No Access
4940,0x05611000,0xf000,No Access
4940,0x05621000,0xf000,No Access
4940,0x05637000,0x9000,No Access
4940,0x05651000,0xf000,No Access
4940,0x0567E000,0x2000,No Access
4940,0x05681000,0xf000,No Access
4940,0x056D6000,0xa000,No Access
4940,0x056E8000,0x8000,No Access
4940,0x05705000,0xb000,No Access
4940,0x05730000,0x80000,No Access
4940,0x058D8000,0x8000,No Access
4940,0x059E0000,0x200000,No Access
4940,0x05DB0000,0x140000,No Access
4940,0x05F10000,0x40000,No Access
4940,0x05F81000,0xf000,No Access
4940,0x060A0000,0x40000,No Access
4940,0x06128000,0x148000,No Access
4940,0x06271000,0xf000,No Access
4940,0x06290000,0x140000,No Access
4940,0x0651A000,0x6000,No Access
4940,0x06660000,0x140000,No Access
4940,0x067B0000,0x180000,No Access
4940,0x06941000,0xf000,No Access
4940,0x06981000,0xf000,No Access
4940,0x069A8000,0x8000,No Access
4940,0x069C0000,0x100000,No Access
4940,0x06B08000,0x8000,No Access
4940,0x06B21000,0xf000,No Access
4940,0x06C32000,0xe000,No Access
4940,0x07080000,0x140000,No Access
4940,0x07200000,0x140000,No Access
4940,0x07360000,0x10000,No Access
4940,0x07380000,0x40000,No Access
4940,0x07840000,0x64c40000,No Access
4940,0x6C7DB000,0x5000,No Access
4940,0x6D001000,0xf000,No Access
4940,0x6D2E2000,0xe000,No Access
4940,0x6D45E000,0x62000,No Access
4940,0x6E35D000,0x3000,No Access
4940,0x6E501000,0xf000,No Access
4940,0x6E749000,0x7000,No Access
4940,0x6EBD8000,0x8000,No Access
4940,0x6EC27000,0x9000,No Access
4940,0x6EC38000,0x8000,No Access
4940,0x6ED1C000,0x4000,No Access
4940,0x6ED4E000,0x2000,No Access
4940,0x6ED62000,0xe000,No Access
4940,0x6EE69000,0x7000,No Access
4940,0x6F5DC000,0xac4000,No Access
4940,0x701A5000,0xb000,No Access
4940,0x701BA000,0x6000,No Access
4940,0x701D7000,0x9000,No Access
4940,0x701F6000,0xa000,No Access
4940,0x702BC000,0x4000,No Access
4940,0x702E4000,0xc000,No Access
4940,0x702F5000,0xb000,No Access
4940,0x70308000,0x8000,No Access
4940,0x70B27000,0x9000,No Access
4940,0x7154D000,0x3000,No Access
4940,0x7160C000,0x4000,No Access
4940,0x7168E000,0x2000,No Access
4940,0x72AD8000,0x8000,No Access
4940,0x72AF5000,0xb000,No Access
4940,0x72BB3000,0xd000,No Access
4940,0x7337C000,0x4000,No Access
4940,0x73408000,0x9d8000,No Access
4940,0x73DFF000,0x1000,No Access
4940,0x73E65000,0xb000,No Access
4940,0x73EB5000,0xb000,No Access
4940,0x73F2D000,0x3000,No Access
4940,0x73F45000,0x8b000,No Access
4940,0x74021000,0xf000,No Access
4940,0x740AF000,0x61000,No Access
4940,0x74165000,0xeb000,No Access
4940,0x7425B000,0x105000,No Access
4940,0x7438B000,0x95000,No Access
4940,0x74433000,0xd000,No Access
4940,0x74459000,0x7000,No Access
4940,0x7457A000,0x6000,No Access
4940,0x74592000,0xe000,No Access
4940,0x745AB000,0x15000,No Access
4940,0x745C8000,0x8000,No Access
4940,0x745E4000,0x22c000,No Access
4940,0x748D7000,0x9000,No Access
4940,0x74FCE000,0x2000,No Access
4940,0x75049000,0x17000,No Access
4940,0x752DC000,0x4000,No Access
4940,0x753E0000,0x60000,No Access
4940,0x7545A000,0x446000,No Access
4940,0x7595A000,0x6000,No Access
4940,0x75B0A000,0x6000,No Access
4940,0x75D89000,0x7000,No Access
4940,0x75E94000,0x2c000,No Access
4940,0x75F5C000,0x4000,No Access
4940,0x765FB000,0x5000,No Access
4940,0x7665F000,0x1000,No Access
4940,0x76757000,0x219000,No Access
4940,0x76976000,0xa000,No Access
4940,0x769A3000,0xd000,No Access
4940,0x76A72000,0xe000,No Access
4940,0x76A9A000,0x6000,No Access
4940,0x76B26000,0xda000,No Access
4940,0x76CC4000,0xc000,No Access
4940,0x76D52000,0xe000,No Access
4940,0x76E72000,0xe000,No Access
4940,0x76FD5000,0xb000,No Access
4940,0x77043000,0xd000,No Access
4940,0x77132000,0xe000,No Access
4940,0x7718B000,0x5000,No Access
4940,0x771B5000,0x12b000,No Access
4940,0x7735F000,0x1000,No Access
4940,0x7736A000,0x6000,No Access
4940,0x77522000,0x8abe000,No Access
4940,0x7FFE1000,0xa000,No Access
4940,0x7FFEC000,0x4000,No Access
6648,0x00000000,0x7ffe0000,No Access
6648,0x7FFE1000,0xa000,No Access
6648,0x7FFEC000,0x80004000,No Access
220,0x00000000,0x10000,No Access
220,0x00021000,0xf000,No Access
220,0x0005F000,0x1000,No Access
220,0x000A4000,0xc000,No Access
220,0x000B2000,0xe000,No Access
220,0x000D1000,0xf000,No Access
220,0x000F1000,0xf000,No Access
220,0x00103000,0xd000,No Access
220,0x0011D000,0x3000,No Access
220,0x00131000,0xf000,No Access
220,0x00143000,0xd000,No Access
220,0x00158000,0x8000,No Access
220,0x00163000,0xd000,No Access
220,0x00181000,0xf000,No Access
220,0x001A1000,0xf000,No Access
220,0x001B2000,0xe000,No Access
220,0x001C2000,0xe000,No Access
220,0x001D1000,0xf000,No Access
220,0x001E8000,0x8000,No Access
220,0x001F3000,0xd000,No Access
220,0x00808000,0x8000,No Access
220,0x04CDE000,0x2000,No Access
220,0x04D61000,0xf000,No Access
220,0x04D71000,0xf000,No Access
220,0x05AD1000,0xf000,No Access
220,0x06EE1000,0xf000,No Access
220,0x06F71000,0x6f000,No Access
220,0x070F0000,0x90000,No Access
220,0x07190000,0x40000,No Access
220,0x095E0000,0x400000,No Access
220,0x0A187000,0x39000,No Access
220,0x0A36D000,0x3000,No Access
220,0x0BD19000,0x68237000,No Access
220,0x73FB6000,0xa000,No Access
220,0x73FCA000,0x6000,No Access
220,0x74021000,0xf000,No Access
220,0x740AF000,0x1000,No Access
220,0x740BE000,0x2000,No Access
220,0x74105000,0xb000,No Access
220,0x74165000,0xb000,No Access
220,0x74185000,0xb000,No Access
220,0x741FD000,0x3000,No Access
220,0x7423E000,0x1e2000,No Access
220,0x74433000,0x18d000,No Access
220,0x745C8000,0xa08000,No Access
220,0x75049000,0x17000,No Access
220,0x752DC000,0x164000,No Access
220,0x7545A000,0x446000,No Access
220,0x7595A000,0x6000,No Access
220,0x75B0A000,0x6000,No Access
220,0x75D89000,0x137000,No Access
220,0x75F5C000,0x4000,No Access
220,0x765FB000,0x5000,No Access
220,0x7665F000,0x1000,No Access
220,0x76750000,0x220000,No Access
220,0x76976000,0xa000,No Access
220,0x769A3000,0xd000,No Access
220,0x76A72000,0xe000,No Access
220,0x76A9A000,0x6000,No Access
220,0x76B26000,0xda000,No Access
220,0x76CC4000,0x9c000,No Access
220,0x76E72000,0xe000,No Access
220,0x76FD5000,0xb000,No Access
220,0x77043000,0xd000,No Access
220,0x77132000,0xe000,No Access
220,0x7718B000,0x5000,No Access
220,0x771B5000,0x12b000,No Access
220,0x7735F000,0x1000,No Access
220,0x7736A000,0x6000,No Access
220,0x77522000,0x5ade000,No Access
220,0x7D743000,0x289d000,No Access
220,0x7FFE1000,0xa000,No Access
220,0x7FFEC000,0x4000,No Access
12252,0x00000000,0x10000,No Access
12252,0x00021000,0xf000,No Access
12252,0x0005F000,0x1000,No Access
12252,0x000A4000,0xc000,No Access
12252,0x000B2000,0xe000,No Access
12252,0x000D1000,0xf000,No Access
12252,0x000F1000,0xf000,No Access
12252,0x00103000,0xd000,No Access
12252,0x0011D000,0x3000,No Access
12252,0x00131000,0xf000,No Access
12252,0x00143000,0xd000,No Access
12252,0x00158000,0x8000,No Access
12252,0x00163000,0xd000,No Access
12252,0x00191000,0xf000,No Access
12252,0x001B1000,0xf000,No Access
12252,0x001C2000,0xe000,No Access
12252,0x001D2000,0xe000,No Access
12252,0x001E1000,0xf000,No Access
12252,0x001F8000,0x8000,No Access
12252,0x00808000,0x8000,No Access
12252,0x04C13000,0xd000,No Access
12252,0x04C21000,0xf000,No Access
12252,0x04DFE000,0x2000,No Access
12252,0x055C1000,0xf000,No Access
12252,0x069D1000,0xf000,No Access
12252,0x069E1000,0xf000,No Access
12252,0x069F1000,0xf000,No Access
12252,0x06A51000,0xf000,No Access
12252,0x06A61000,0xf000,No Access
12252,0x06A78000,0x8000,No Access
12252,0x06B90000,0x20000,No Access
12252,0x09940000,0x440000,No Access
12252,0x0A480000,0x68660000,No Access
12252,0x72AF5000,0xb000,No Access
12252,0x72BB3000,0xd000,No Access
12252,0x7337C000,0x4000,No Access
12252,0x73408000,0x988000,No Access
12252,0x73DA8000,0x8000,No Access
12252,0x73DD5000,0x17b000,No Access
12252,0x73FB6000,0xa000,No Access
12252,0x73FCA000,0x6000,No Access
12252,0x74021000,0xf000,No Access
12252,0x740AF000,0x1000,No Access
12252,0x740BE000,0x2000,No Access
12252,0x74105000,0xb000,No Access
12252,0x74165000,0xb000,No Access
12252,0x74185000,0xb000,No Access
12252,0x741FD000,0x3000,No Access
12252,0x7423E000,0x1e2000,No Access
12252,0x74433000,0x18d000,No Access
12252,0x745C8000,0xa08000,No Access
12252,0x75049000,0x17000,No Access
12252,0x752DC000,0x164000,No Access
12252,0x7545A000,0x446000,No Access
12252,0x7595A000,0x6000,No Access
12252,0x75B0A000,0x6000,No Access
12252,0x75D89000,0x117000,No Access
12252,0x75EBB000,0x5000,No Access
12252,0x75F5C000,0x4000,No Access
12252,0x765FB000,0x5000,No Access
12252,0x7665F000,0x1000,No Access
12252,0x76750000,0x220000,No Access
12252,0x76976000,0xa000,No Access
12252,0x769A3000,0xdd000,No Access
12252,0x76A9A000,0x6000,No Access
12252,0x76B26000,0xda000,No Access
12252,0x76CC4000,0x9c000,No Access
12252,0x76E72000,0xe000,No Access
12252,0x76FD5000,0xb000,No Access
12252,0x77043000,0xd000,No Access
12252,0x77132000,0xe000,No Access
12252,0x7718B000,0x5000,No Access
12252,0x771B5000,0x12b000,No Access
12252,0x7735F000,0x1000,No Access
12252,0x7736A000,0x6000,No Access
12252,0x77522000,0x5ade000,No Access
12252,0x7D743000,0x289d000,No Access
12252,0x7FFE1000,0xa000,No Access
12252,0x7FFEC000,0x4000,No Access
12644,0x00000000,0x7ffe0000,No Access
12644,0x7FFE1000,0xa000,No Access
12644,0x7FFEC000,0x80004000,No Access
3936,0x00000000,0x10000,No Access
3936,0x00021000,0xf000,No Access
3936,0x0005F000,0x1000,No Access
3936,0x000A4000,0xc000,No Access
3936,0x000B2000,0xe000,No Access
3936,0x000D1000,0xf000,No Access
3936,0x000F1000,0xf000,No Access
3936,0x00103000,0xd000,No Access
3936,0x0011D000,0x3000,No Access
3936,0x00131000,0xf000,No Access
3936,0x00143000,0xd000,No Access
3936,0x00158000,0x8000,No Access
3936,0x00163000,0xd000,No Access
3936,0x00181000,0xf000,No Access
3936,0x001A1000,0xf000,No Access
3936,0x001B2000,0xe000,No Access
3936,0x001C2000,0xe000,No Access
3936,0x001D1000,0xf000,No Access
3936,0x001E8000,0x8000,No Access
3936,0x001F3000,0xd000,No Access
3936,0x00808000,0x8000,No Access
3936,0x04CDE000,0x2000,No Access
3936,0x04D61000,0xf000,No Access
3936,0x04DC1000,0xf000,No Access
3936,0x04F61000,0xf000,No Access
3936,0x06AB1000,0xf000,No Access
3936,0x06B41000,0xf000,No Access
3936,0x06B51000,0xf000,No Access
3936,0x06BF1000,0xf000,No Access
3936,0x06C08000,0x8000,No Access
3936,0x0A060000,0x68a80000,No Access
3936,0x72AF5000,0xb000,No Access
3936,0x72BB3000,0xd000,No Access
3936,0x7337C000,0x4000,No Access
3936,0x73408000,0x988000,No Access
3936,0x73DA8000,0x8000,No Access
3936,0x73DD5000,0x17b000,No Access
3936,0x73FB6000,0xa000,No Access
3936,0x73FCA000,0x6000,No Access
3936,0x74021000,0xf000,No Access
3936,0x740AF000,0x1000,No Access
3936,0x740BE000,0x2000,No Access
3936,0x74105000,0xb000,No Access
3936,0x74165000,0xb000,No Access
3936,0x74185000,0xb000,No Access
3936,0x741FD000,0x3000,No Access
3936,0x7423E000,0x1e2000,No Access
3936,0x74433000,0x18d000,No Access
3936,0x745C8000,0xa08000,No Access
3936,0x75049000,0x17000,No Access
3936,0x752DC000,0x164000,No Access
3936,0x7545A000,0x446000,No Access
3936,0x7595A000,0x6000,No Access
3936,0x75B0A000,0x6000,No Access
3936,0x75D89000,0x117000,No Access
3936,0x75EBB000,0x5000,No Access
3936,0x75F5C000,0x4000,No Access
3936,0x765FB000,0x5000,No Access
3936,0x7665F000,0x1000,No Access
3936,0x76750000,0x220000,No Access
3936,0x76976000,0xa000,No Access
3936,0x769A3000,0xdd000,No Access
3936,0x76A9A000,0x6000,No Access
3936,0x76B26000,0xda000,No Access
3936,0x76CC4000,0x9c000,No Access
3936,0x76E72000,0xe000,No Access
3936,0x76FD5000,0xb000,No Access
3936,0x77043000,0xd000,No Access
3936,0x77132000,0xe000,No Access
3936,0x7718B000,0x5000,No Access
3936,0x771B5000,0x12b000,No Access
3936,0x7735F000,0x1000,No Access
3936,0x7736A000,0x6000,No Access
3936,0x77522000,0x5ade000,No Access
3936,0x7D743000,0x289d000,No Access
3936,0x7FFE1000,0xa000,No Access
3936,0x7FFEC000,0x4000,No Access
10132,0x00000000,0x100000,No Access
10132,0x00111000,0xf000,No Access
10132,0x0014F000,0x1000,No Access
10132,0x00194000,0xc000,No Access
10132,0x001A2000,0xe000,No Access
10132,0x001C1000,0xf000,No Access
10132,0x001E1000,0xf000,No Access
10132,0x001F3000,0xd000,No Access
10132,0x0050D000,0x3000,No Access
10132,0x00521000,0xf000,No Access
10132,0x00533000,0xd000,No Access
10132,0x00548000,0x8000,No Access
10132,0x00553000,0xd000,No Access
10132,0x00571000,0xf000,No Access
10132,0x00591000,0xf000,No Access
10132,0x005A2000,0xe000,No Access
10132,0x005B2000,0xe000,No Access
10132,0x005C1000,0xf000,No Access
10132,0x006AE000,0x12000,No Access
10132,0x007C0000,0x10000,No Access
10132,0x008D0000,0x100000,No Access
10132,0x009F3000,0x7511d000,No Access
10132,0x75D89000,0x8d7000,No Access
10132,0x76750000,0xc10000,No Access
10132,0x7736A000,0x6000,No Access
10132,0x77522000,0x874e000,No Access
10132,0x7FD79000,0x7000,No Access
10132,0x7FD82000,0xe000,No Access
10132,0x7FDA1000,0xf000,No Access
10132,0x7FDB2000,0xe000,No Access
10132,0x7FDC1000,0x21f000,No Access
10132,0x7FFE1000,0xa000,No Access
10132,0x7FFEC000,0x4000,No Access
